,Unnamed: 0,Model,Dataset,R²,R²_log,RMSE,MAE,MALE,RMSLE,MAPE,N_points,Modelo,Poço,Unnamed: 0.2,Unnamed: 0.1
0,0,model_11_XGB,dataset_F,0.5829,0.4887,1.0559,0.476,0.2234,0.3349,506.9583,241,model_11,dataset_F,,
1,1,model_11_FFNN,dataset_F,0.4335,0.4359,1.2305,0.5992,0.2673,0.411,864.817,241,model_11,dataset_F,,
2,0,model_3_FFNN,dataset_E,-1.0917,-0.6516,1.6107,1.1558,0.5221,0.6336,998.2755,273,model_3,dataset_E,,
3,1,model_3_XGB,dataset_E,-0.9083,-0.6057,1.5385,1.0885,0.5052,0.6124,1065.9673,273,model_3,dataset_E,,
4,0,model_6_XGB,dataset_B,0.1019,0.5534,3.1456,1.4541,0.3982,0.5533,88.3089,142,model_6,dataset_B,,
5,1,model_6_FFNN,dataset_B,0.0117,0.4523,3.2996,1.5345,0.4352,0.6111,98.6835,142,model_6,dataset_B,,
6,0,model_7_XGB,dataset_F,0.4339,0.2129,1.23,0.6904,0.3429,0.4167,1138.0469,241,model_7,dataset_F,,
7,1,model_7_FFNN,dataset_F,0.2737,0.1093,1.3933,0.8244,0.4038,0.4691,1338.8983,241,model_7,dataset_F,,
8,0,model_5_FFNN,dataset_D,0.1276,0.6396,2.374,0.9218,0.312,0.4864,151.1061,165,model_5,dataset_D,,
9,1,model_5_XGB,dataset_D,0.9246,0.7283,0.698,0.4239,0.2013,0.2506,152.723,165,model_5,dataset_D,,
10,0,model_1_FFNN,dataset_D,0.9261,0.5308,0.6909,0.5066,0.2898,0.3497,238.5893,165,model_1,dataset_D,,
11,1,model_1_XGB,dataset_D,0.9124,0.6906,0.7525,0.4533,0.2249,0.301,172.6858,165,model_1,dataset_D,,
12,0,model_3_FFNN,dataset_D,0.1664,0.3443,2.3207,1.1225,0.4512,0.5509,319.6585,165,model_3,dataset_D,,
13,1,model_3_XGB,dataset_D,0.1136,0.3533,2.393,1.1498,0.4522,0.5582,312.2325,165,model_3,dataset_D,,
14,0,model_4_FFNN,dataset_C,-4.103,-0.2736,2.1525,0.9811,0.3579,0.4778,191.4336,142,model_4,dataset_C,,
15,1,model_4_XGB,dataset_C,-0.6162,-0.0306,1.2114,0.7225,0.3103,0.3922,146.4636,142,model_4,dataset_C,,
16,0,model_2_XGB,dataset_F,0.1001,0.0561,1.5508,0.8652,0.4115,0.5609,1072.0726,241,model_2,dataset_F,,
17,1,model_2_FFNN,dataset_F,0.4259,0.1738,1.2387,0.7736,0.3824,0.4577,1053.571,241,model_2,dataset_F,,
18,0,model_4_FFNN,dataset_F,-0.0475,-0.211,1.6732,1.1622,0.5546,0.6232,2165.4598,241,model_4,dataset_F,,
19,1,model_4_XGB,dataset_F,0.1606,-0.1152,1.4978,1.0025,0.5048,0.5587,1525.955,241,model_4,dataset_F,,
20,0,model_10_FFNN,dataset_E,-0.0557,-0.0528,1.1443,0.6854,0.3517,0.4368,580.6972,273,model_10,dataset_E,,
21,1,model_10_XGB,dataset_E,-0.1443,-0.0913,1.1913,0.7252,0.3675,0.4563,599.1622,273,model_10,dataset_E,,
22,0,model_2_XGB,dataset_A,-4.5853,-2.9915,2.014,1.2421,0.4916,0.6662,174.4108,267,model_2,dataset_A,,
23,1,model_2_FFNN,dataset_A,-4.6417,-1.0935,2.0241,1.1614,0.4174,0.5923,148.1767,267,model_2,dataset_A,,
24,0,model_8_XGB,dataset_D,0.1569,0.3515,2.3339,1.1109,0.4363,0.5471,326.0482,165,model_8,dataset_D,,
25,1,model_8_FFNN,dataset_D,0.0682,0.269,2.4535,1.1993,0.486,0.5902,349.2623,165,model_8,dataset_D,,
26,0,model_10_FFNN,dataset_F,0.2291,0.1783,1.4354,0.7846,0.3781,0.4555,1116.6537,241,model_10,dataset_F,,
27,1,model_10_XGB,dataset_F,0.1831,0.1936,1.4776,0.7884,0.3746,0.473,1016.9658,241,model_10,dataset_F,,
28,0,model_4_FFNN,dataset_A,-0.6269,-1.4717,1.087,0.7563,0.3556,0.4721,73.3089,267,model_4,dataset_A,,
29,1,model_4_XGB,dataset_A,-0.197,-0.1362,0.9324,0.6087,0.2711,0.3757,52.9141,267,model_4,dataset_A,,
30,0,model_10_FFNN,dataset_A,-0.3198,-0.447,0.979,0.6501,0.2988,0.4038,56.0917,267,model_10,dataset_A,,
31,1,model_10_XGB,dataset_A,-0.5013,-0.7239,1.0442,0.6769,0.3115,0.4325,57.2979,267,model_10,dataset_A,,
32,0,model_4_FFNN,dataset_E,-1.5279,-0.3295,1.7707,1.0097,0.4553,0.5712,682.1677,273,model_4,dataset_E,,
33,1,model_4_XGB,dataset_E,-0.3075,-0.2267,1.2735,0.8164,0.4066,0.4877,708.8665,273,model_4,dataset_E,,
34,0,model_3_FFNN,dataset_C,-1.8448,-0.0461,1.6072,0.9143,0.3449,0.4392,151.4626,142,model_3,dataset_C,,
35,1,model_3_XGB,dataset_C,-1.9304,-0.0795,1.6311,0.888,0.3421,0.4385,154.4739,142,model_3,dataset_C,,
36,0,model_9_XGB,dataset_D,-0.366,-0.4422,2.9708,2.0513,0.81,0.909,937.1462,165,model_9,dataset_D,,
37,1,model_9_FFNN,dataset_D,-0.249,-0.3906,2.8406,2.0434,0.7992,0.8947,885.97,165,model_9,dataset_D,,
38,0,model_8_XGB,dataset_F,0.2802,0.1283,1.387,0.8093,0.3924,0.4635,1269.0808,241,model_8,dataset_F,,
39,1,model_8_FFNN,dataset_F,0.1813,0.0785,1.4792,0.8746,0.425,0.4895,1352.308,241,model_8,dataset_F,,
40,0,model_3_FFNN,dataset_B,0.4224,0.5781,2.5227,1.2822,0.3747,0.4798,107.2179,142,model_3,dataset_B,,
41,1,model_3_XGB,dataset_B,0.4406,0.5946,2.4826,1.2608,0.3697,0.4692,103.3683,142,model_3,dataset_B,,
42,0,model_6_XGB,dataset_F,0.0308,-0.0951,1.6094,1.0273,0.5029,0.5728,1570.2195,241,model_6,dataset_F,,
43,1,model_6_FFNN,dataset_F,0.073,-0.1569,1.574,1.0726,0.53,0.5824,1773.3215,241,model_6,dataset_F,,
44,0,model_6_XGB,dataset_C,0.2792,0.1113,0.809,0.5446,0.2679,0.3327,126.9346,142,model_6,dataset_C,,
45,1,model_6_FFNN,dataset_C,0.1439,0.0751,0.8816,0.5432,0.2687,0.3465,127.2656,142,model_6,dataset_C,,
46,0,model_10_FFNN,dataset_C,0.118,0.3219,0.8949,0.4975,0.2261,0.3105,94.5231,142,model_10,dataset_C,,
47,1,model_10_XGB,dataset_C,-2.363,0.156,1.7474,0.8033,0.2793,0.4119,125.2932,142,model_10,dataset_C,,
48,0,model_7_XGB,dataset_A,0.3612,0.3678,0.6811,0.4533,0.1981,0.271,48.646,267,model_7,dataset_A,,
49,1,model_7_FFNN,dataset_A,0.1028,0.0791,0.8072,0.561,0.2507,0.3299,62.6816,267,model_7,dataset_A,,
50,0,model_6_XGB,dataset_E,-0.1065,-0.2005,1.1715,0.7748,0.3974,0.4665,659.4843,273,model_6,dataset_E,,
51,1,model_6_FFNN,dataset_E,-0.1364,-0.2025,1.1872,0.7882,0.4018,0.4733,648.5252,273,model_6,dataset_E,,
52,0,model_11_XGB,dataset_B,0.2953,0.3663,2.7863,1.3668,0.3893,0.5762,92.0742,142,model_11,dataset_B,,
53,1,model_11_FFNN,dataset_B,-0.2071,0.1843,3.6468,1.7683,0.4858,0.6961,131.9263,142,model_11,dataset_B,,
54,0,model_5_FFNN,dataset_E,-0.1543,-0.1512,1.1966,0.7534,0.3821,0.4664,612.7901,273,model_5,dataset_E,,
55,1,model_5_XGB,dataset_E,-0.2594,-0.2398,1.2499,0.8138,0.4091,0.5028,498.294,273,model_5,dataset_E,,
56,0,model_2_XGB,dataset_D,0.2599,0.4081,2.1867,1.0584,0.4006,0.5254,264.9367,165,model_2,dataset_D,,
57,1,model_2_FFNN,dataset_D,0.0658,0.2369,2.4567,1.1724,0.4768,0.6257,309.5009,165,model_2,dataset_D,,
58,0,model_4_FFNN,dataset_B,0.4491,0.5551,2.4637,1.2707,0.389,0.4983,111.6409,142,model_4,dataset_B,,
59,1,model_4_XGB,dataset_B,0.2009,0.4987,2.9671,1.4346,0.4181,0.5623,104.4932,142,model_4,dataset_B,,
60,0,model_9_XGB,dataset_C,-0.3048,-0.4272,1.0884,0.8098,0.3827,0.4616,201.3828,142,model_9,dataset_C,,
61,1,model_9_FFNN,dataset_C,-0.5512,-0.935,1.1868,0.8121,0.3764,0.4703,166.1911,142,model_9,dataset_C,,
62,0,model_3_FFNN,dataset_A,-0.2984,-1.0817,0.971,0.6733,0.311,0.4217,67.6107,267,model_3,dataset_A,,
63,1,model_3_XGB,dataset_A,-0.2954,-0.3148,0.9699,0.7051,0.3044,0.3931,112.6082,267,model_3,dataset_A,,
64,0,model_9_XGB,dataset_A,-0.1664,0.066,0.9204,0.604,0.2558,0.3481,64.5899,267,model_9,dataset_A,,
65,1,model_9_FFNN,dataset_A,-1.8146,-2.3801,1.4297,0.9637,0.4324,0.5752,97.7367,267,model_9,dataset_A,,
66,0,model_9_XGB,dataset_F,-0.8649,-0.617,2.2325,1.7116,0.7559,0.843,2880.839,241,model_9,dataset_F,,
67,1,model_9_FFNN,dataset_F,-0.5409,-0.5343,2.0293,1.5608,0.6996,0.7997,2928.2879,241,model_9,dataset_F,,
68,0,model_5_FFNN,dataset_F,0.3112,0.3867,1.3568,0.6574,0.2965,0.3903,798.1773,241,model_5,dataset_F,,
69,1,model_5_XGB,dataset_F,0.9048,0.6325,0.5045,0.3007,0.1554,0.2132,392.9462,241,model_5,dataset_F,,
70,0,model_1_FFNN,dataset_E,-1.7432,-0.766,1.8446,1.2683,0.5605,0.6991,738.5816,273,model_1,dataset_E,,
71,1,model_1_XGB,dataset_E,-1.8127,-0.6,1.8678,1.1851,0.5123,0.6719,692.8435,273,model_1,dataset_E,,
72,0,model_2_XGB,dataset_B,0.8149,0.6474,1.428,0.8467,0.2914,0.4103,71.9977,142,model_2,dataset_B,,
73,1,model_2_FFNN,dataset_B,0.7825,0.6317,1.5478,0.8722,0.2912,0.3947,81.0052,142,model_2,dataset_B,,
74,0,model_10_FFNN,dataset_B,0.1281,0.562,3.0993,1.4135,0.383,0.5561,74.6629,142,model_10,dataset_B,,
75,1,model_10_XGB,dataset_B,0.6497,0.7783,1.9645,0.9019,0.2493,0.3491,59.7358,142,model_10,dataset_B,,
76,0,model_11_XGB,dataset_D,0.3784,0.6571,2.004,0.7053,0.2493,0.418,152.9528,165,model_11,dataset_D,,
77,1,model_11_FFNN,dataset_D,0.4129,0.6504,1.9475,0.709,0.265,0.4064,148.467,165,model_11,dataset_D,,
78,0,model_11_XGB,dataset_A,0.3851,0.1843,0.6683,0.4659,0.2079,0.2784,56.4379,267,model_11,dataset_A,,
79,1,model_11_FFNN,dataset_A,0.1241,-0.1104,0.7975,0.5634,0.2536,0.3322,73.665,267,model_11,dataset_A,,
80,0,model_1_FFNN,dataset_B,-0.0356,-0.1101,3.3777,1.7389,0.5237,0.7424,111.5445,142,model_1,dataset_B,,
81,1,model_1_XGB,dataset_B,0.0682,-0.1478,3.2041,1.5493,0.4567,0.6725,97.9375,142,model_1,dataset_B,,
82,0,model_7_XGB,dataset_E,-0.2881,-0.2168,1.264,0.8133,0.4062,0.4888,633.5469,273,model_7,dataset_E,,
83,1,model_7_FFNN,dataset_E,-0.3168,-0.2796,1.278,0.8594,0.4265,0.5081,675.6378,273,model_7,dataset_E,,
84,0,model_6_XGB,dataset_A,-0.2783,-0.2121,0.9635,0.634,0.283,0.3849,57.9809,267,model_6,dataset_A,,
85,1,model_6_FFNN,dataset_A,-0.3124,-0.2252,0.9763,0.6281,0.2808,0.3898,55.4193,267,model_6,dataset_A,,
86,0,model_5_FFNN,dataset_C,0.2137,0.4411,0.8449,0.4395,0.2034,0.2941,71.6653,142,model_5,dataset_C,,
87,1,model_5_XGB,dataset_C,0.9896,0.9789,0.0973,0.0495,0.0264,0.0442,8.4306,142,model_5,dataset_C,,
88,0,model_1_FFNN,dataset_A,-1.6347,-0.5961,1.3832,0.8205,0.3287,0.4703,109.4667,267,model_1,dataset_A,,
89,1,model_1_XGB,dataset_A,-0.1903,-0.5803,0.9297,0.6508,0.2888,0.3834,83.2752,267,model_1,dataset_A,,
90,0,model_11_XGB,dataset_C,-2.5114,0.0195,1.7855,0.9198,0.3141,0.4608,110.2985,142,model_11,dataset_C,,
91,1,model_11_FFNN,dataset_C,-11.4093,-0.6963,3.3566,1.5067,0.4454,0.6395,217.8438,142,model_11,dataset_C,,
92,0,model_8_XGB,dataset_B,-0.0703,0.4054,3.4339,1.5558,0.4356,0.6575,83.5741,142,model_8,dataset_B,,
93,1,model_8_FFNN,dataset_B,-0.038,0.4251,3.3816,1.5449,0.436,0.6391,85.6615,142,model_8,dataset_B,,
94,0,model_5_FFNN,dataset_B,0.0237,0.451,3.2796,1.4791,0.4067,0.6215,69.1624,142,model_5,dataset_B,,
95,1,model_5_XGB,dataset_B,0.0921,0.3641,3.1626,1.4192,0.3997,0.6073,66.486,142,model_5,dataset_B,,
96,0,model_7_XGB,dataset_D,0.2261,0.4267,2.236,1.0044,0.3923,0.5109,287.1648,165,model_7,dataset_D,,
97,1,model_7_FFNN,dataset_D,0.1089,0.3178,2.3994,1.153,0.4611,0.5669,330.2621,165,model_7,dataset_D,,
98,0,model_11_XGB,dataset_F,0.5829,0.4887,1.0559,0.476,0.2234,0.3349,506.9583,241,model_11,dataset_F,0.0,
99,1,model_11_FFNN,dataset_F,0.4335,0.4359,1.2305,0.5992,0.2673,0.411,864.817,241,model_11,dataset_F,1.0,
100,0,model_3_FFNN,dataset_E,-1.0917,-0.6516,1.6107,1.1558,0.5221,0.6336,998.2755,273,model_3,dataset_E,2.0,
101,1,model_3_XGB,dataset_E,-0.9083,-0.6057,1.5385,1.0885,0.5052,0.6124,1065.9673,273,model_3,dataset_E,3.0,
102,0,model_6_XGB,dataset_B,0.1019,0.5534,3.1456,1.4541,0.3982,0.5533,88.3089,142,model_6,dataset_B,4.0,
103,1,model_6_FFNN,dataset_B,0.0117,0.4523,3.2996,1.5345,0.4352,0.6111,98.6835,142,model_6,dataset_B,5.0,
104,0,model_7_XGB,dataset_F,0.4339,0.2129,1.23,0.6904,0.3429,0.4167,1138.0469,241,model_7,dataset_F,6.0,
105,1,model_7_FFNN,dataset_F,0.2737,0.1093,1.3933,0.8244,0.4038,0.4691,1338.8983,241,model_7,dataset_F,7.0,
106,0,model_5_FFNN,dataset_D,0.1276,0.6396,2.374,0.9218,0.312,0.4864,151.1061,165,model_5,dataset_D,8.0,
107,1,model_5_XGB,dataset_D,0.9246,0.7283,0.698,0.4239,0.2013,0.2506,152.723,165,model_5,dataset_D,9.0,
108,0,model_1_FFNN,dataset_D,0.9261,0.5308,0.6909,0.5066,0.2898,0.3497,238.5893,165,model_1,dataset_D,10.0,
109,1,model_1_XGB,dataset_D,0.9124,0.6906,0.7525,0.4533,0.2249,0.301,172.6858,165,model_1,dataset_D,11.0,
110,0,model_3_FFNN,dataset_D,0.1664,0.3443,2.3207,1.1225,0.4512,0.5509,319.6585,165,model_3,dataset_D,12.0,
111,1,model_3_XGB,dataset_D,0.1136,0.3533,2.393,1.1498,0.4522,0.5582,312.2325,165,model_3,dataset_D,13.0,
112,0,model_4_FFNN,dataset_C,-4.103,-0.2736,2.1525,0.9811,0.3579,0.4778,191.4336,142,model_4,dataset_C,14.0,
113,1,model_4_XGB,dataset_C,-0.6162,-0.0306,1.2114,0.7225,0.3103,0.3922,146.4636,142,model_4,dataset_C,15.0,
114,0,model_2_XGB,dataset_F,0.1001,0.0561,1.5508,0.8652,0.4115,0.5609,1072.0726,241,model_2,dataset_F,16.0,
115,1,model_2_FFNN,dataset_F,0.4259,0.1738,1.2387,0.7736,0.3824,0.4577,1053.571,241,model_2,dataset_F,17.0,
116,0,model_4_FFNN,dataset_F,-0.0475,-0.211,1.6732,1.1622,0.5546,0.6232,2165.4598,241,model_4,dataset_F,18.0,
117,1,model_4_XGB,dataset_F,0.1606,-0.1152,1.4978,1.0025,0.5048,0.5587,1525.955,241,model_4,dataset_F,19.0,
118,0,model_10_FFNN,dataset_E,-0.0557,-0.0528,1.1443,0.6854,0.3517,0.4368,580.6972,273,model_10,dataset_E,20.0,
119,1,model_10_XGB,dataset_E,-0.1443,-0.0913,1.1913,0.7252,0.3675,0.4563,599.1622,273,model_10,dataset_E,21.0,
120,0,model_2_XGB,dataset_A,-4.5853,-2.9915,2.014,1.2421,0.4916,0.6662,174.4108,267,model_2,dataset_A,22.0,
121,1,model_2_FFNN,dataset_A,-4.6417,-1.0935,2.0241,1.1614,0.4174,0.5923,148.1767,267,model_2,dataset_A,23.0,
122,0,model_8_XGB,dataset_D,0.1569,0.3515,2.3339,1.1109,0.4363,0.5471,326.0482,165,model_8,dataset_D,24.0,
123,1,model_8_FFNN,dataset_D,0.0682,0.269,2.4535,1.1993,0.486,0.5902,349.2623,165,model_8,dataset_D,25.0,
124,0,model_10_FFNN,dataset_F,0.2291,0.1783,1.4354,0.7846,0.3781,0.4555,1116.6537,241,model_10,dataset_F,26.0,
125,1,model_10_XGB,dataset_F,0.1831,0.1936,1.4776,0.7884,0.3746,0.473,1016.9658,241,model_10,dataset_F,27.0,
126,0,model_4_FFNN,dataset_A,-0.6269,-1.4717,1.087,0.7563,0.3556,0.4721,73.3089,267,model_4,dataset_A,28.0,
127,1,model_4_XGB,dataset_A,-0.197,-0.1362,0.9324,0.6087,0.2711,0.3757,52.9141,267,model_4,dataset_A,29.0,
128,0,model_10_FFNN,dataset_A,-0.3198,-0.447,0.979,0.6501,0.2988,0.4038,56.0917,267,model_10,dataset_A,30.0,
129,1,model_10_XGB,dataset_A,-0.5013,-0.7239,1.0442,0.6769,0.3115,0.4325,57.2979,267,model_10,dataset_A,31.0,
130,0,model_4_FFNN,dataset_E,-1.5279,-0.3295,1.7707,1.0097,0.4553,0.5712,682.1677,273,model_4,dataset_E,32.0,
131,1,model_4_XGB,dataset_E,-0.3075,-0.2267,1.2735,0.8164,0.4066,0.4877,708.8665,273,model_4,dataset_E,33.0,
132,0,model_3_FFNN,dataset_C,-1.8448,-0.0461,1.6072,0.9143,0.3449,0.4392,151.4626,142,model_3,dataset_C,34.0,
133,1,model_3_XGB,dataset_C,-1.9304,-0.0795,1.6311,0.888,0.3421,0.4385,154.4739,142,model_3,dataset_C,35.0,
134,0,model_9_XGB,dataset_D,-0.366,-0.4422,2.9708,2.0513,0.81,0.909,937.1462,165,model_9,dataset_D,36.0,
135,1,model_9_FFNN,dataset_D,-0.249,-0.3906,2.8406,2.0434,0.7992,0.8947,885.97,165,model_9,dataset_D,37.0,
136,0,model_8_XGB,dataset_F,0.2802,0.1283,1.387,0.8093,0.3924,0.4635,1269.0808,241,model_8,dataset_F,38.0,
137,1,model_8_FFNN,dataset_F,0.1813,0.0785,1.4792,0.8746,0.425,0.4895,1352.308,241,model_8,dataset_F,39.0,
138,0,model_3_FFNN,dataset_B,0.4224,0.5781,2.5227,1.2822,0.3747,0.4798,107.2179,142,model_3,dataset_B,40.0,
139,1,model_3_XGB,dataset_B,0.4406,0.5946,2.4826,1.2608,0.3697,0.4692,103.3683,142,model_3,dataset_B,41.0,
140,0,model_6_XGB,dataset_F,0.0308,-0.0951,1.6094,1.0273,0.5029,0.5728,1570.2195,241,model_6,dataset_F,42.0,
141,1,model_6_FFNN,dataset_F,0.073,-0.1569,1.574,1.0726,0.53,0.5824,1773.3215,241,model_6,dataset_F,43.0,
142,0,model_6_XGB,dataset_C,0.2792,0.1113,0.809,0.5446,0.2679,0.3327,126.9346,142,model_6,dataset_C,44.0,
143,1,model_6_FFNN,dataset_C,0.1439,0.0751,0.8816,0.5432,0.2687,0.3465,127.2656,142,model_6,dataset_C,45.0,
144,0,model_10_FFNN,dataset_C,0.118,0.3219,0.8949,0.4975,0.2261,0.3105,94.5231,142,model_10,dataset_C,46.0,
145,1,model_10_XGB,dataset_C,-2.363,0.156,1.7474,0.8033,0.2793,0.4119,125.2932,142,model_10,dataset_C,47.0,
146,0,model_7_XGB,dataset_A,0.3612,0.3678,0.6811,0.4533,0.1981,0.271,48.646,267,model_7,dataset_A,48.0,
147,1,model_7_FFNN,dataset_A,0.1028,0.0791,0.8072,0.561,0.2507,0.3299,62.6816,267,model_7,dataset_A,49.0,
148,0,model_6_XGB,dataset_E,-0.1065,-0.2005,1.1715,0.7748,0.3974,0.4665,659.4843,273,model_6,dataset_E,50.0,
149,1,model_6_FFNN,dataset_E,-0.1364,-0.2025,1.1872,0.7882,0.4018,0.4733,648.5252,273,model_6,dataset_E,51.0,
150,0,model_11_XGB,dataset_B,0.2953,0.3663,2.7863,1.3668,0.3893,0.5762,92.0742,142,model_11,dataset_B,52.0,
151,1,model_11_FFNN,dataset_B,-0.2071,0.1843,3.6468,1.7683,0.4858,0.6961,131.9263,142,model_11,dataset_B,53.0,
152,0,model_5_FFNN,dataset_E,-0.1543,-0.1512,1.1966,0.7534,0.3821,0.4664,612.7901,273,model_5,dataset_E,54.0,
153,1,model_5_XGB,dataset_E,-0.2594,-0.2398,1.2499,0.8138,0.4091,0.5028,498.294,273,model_5,dataset_E,55.0,
154,0,model_2_XGB,dataset_D,0.2599,0.4081,2.1867,1.0584,0.4006,0.5254,264.9367,165,model_2,dataset_D,56.0,
155,1,model_2_FFNN,dataset_D,0.0658,0.2369,2.4567,1.1724,0.4768,0.6257,309.5009,165,model_2,dataset_D,57.0,
156,0,model_4_FFNN,dataset_B,0.4491,0.5551,2.4637,1.2707,0.389,0.4983,111.6409,142,model_4,dataset_B,58.0,
157,1,model_4_XGB,dataset_B,0.2009,0.4987,2.9671,1.4346,0.4181,0.5623,104.4932,142,model_4,dataset_B,59.0,
158,0,model_9_XGB,dataset_C,-0.3048,-0.4272,1.0884,0.8098,0.3827,0.4616,201.3828,142,model_9,dataset_C,60.0,
159,1,model_9_FFNN,dataset_C,-0.5512,-0.935,1.1868,0.8121,0.3764,0.4703,166.1911,142,model_9,dataset_C,61.0,
160,0,model_3_FFNN,dataset_A,-0.2984,-1.0817,0.971,0.6733,0.311,0.4217,67.6107,267,model_3,dataset_A,62.0,
161,1,model_3_XGB,dataset_A,-0.2954,-0.3148,0.9699,0.7051,0.3044,0.3931,112.6082,267,model_3,dataset_A,63.0,
162,0,model_9_XGB,dataset_A,-0.1664,0.066,0.9204,0.604,0.2558,0.3481,64.5899,267,model_9,dataset_A,64.0,
163,1,model_9_FFNN,dataset_A,-1.8146,-2.3801,1.4297,0.9637,0.4324,0.5752,97.7367,267,model_9,dataset_A,65.0,
164,0,model_9_XGB,dataset_F,-0.8649,-0.617,2.2325,1.7116,0.7559,0.843,2880.839,241,model_9,dataset_F,66.0,
165,1,model_9_FFNN,dataset_F,-0.5409,-0.5343,2.0293,1.5608,0.6996,0.7997,2928.2879,241,model_9,dataset_F,67.0,
166,0,model_5_FFNN,dataset_F,0.3112,0.3867,1.3568,0.6574,0.2965,0.3903,798.1773,241,model_5,dataset_F,68.0,
167,1,model_5_XGB,dataset_F,0.9048,0.6325,0.5045,0.3007,0.1554,0.2132,392.9462,241,model_5,dataset_F,69.0,
168,0,model_1_FFNN,dataset_E,-1.7432,-0.766,1.8446,1.2683,0.5605,0.6991,738.5816,273,model_1,dataset_E,70.0,
169,1,model_1_XGB,dataset_E,-1.8127,-0.6,1.8678,1.1851,0.5123,0.6719,692.8435,273,model_1,dataset_E,71.0,
170,0,model_2_XGB,dataset_B,0.8149,0.6474,1.428,0.8467,0.2914,0.4103,71.9977,142,model_2,dataset_B,72.0,
171,1,model_2_FFNN,dataset_B,0.7825,0.6317,1.5478,0.8722,0.2912,0.3947,81.0052,142,model_2,dataset_B,73.0,
172,0,model_10_FFNN,dataset_B,0.1281,0.562,3.0993,1.4135,0.383,0.5561,74.6629,142,model_10,dataset_B,74.0,
173,1,model_10_XGB,dataset_B,0.6497,0.7783,1.9645,0.9019,0.2493,0.3491,59.7358,142,model_10,dataset_B,75.0,
174,0,model_11_XGB,dataset_D,0.3784,0.6571,2.004,0.7053,0.2493,0.418,152.9528,165,model_11,dataset_D,76.0,
175,1,model_11_FFNN,dataset_D,0.4129,0.6504,1.9475,0.709,0.265,0.4064,148.467,165,model_11,dataset_D,77.0,
176,0,model_11_XGB,dataset_A,0.3851,0.1843,0.6683,0.4659,0.2079,0.2784,56.4379,267,model_11,dataset_A,78.0,
177,1,model_11_FFNN,dataset_A,0.1241,-0.1104,0.7975,0.5634,0.2536,0.3322,73.665,267,model_11,dataset_A,79.0,
178,0,model_1_FFNN,dataset_B,-0.0356,-0.1101,3.3777,1.7389,0.5237,0.7424,111.5445,142,model_1,dataset_B,80.0,
179,1,model_1_XGB,dataset_B,0.0682,-0.1478,3.2041,1.5493,0.4567,0.6725,97.9375,142,model_1,dataset_B,81.0,
180,0,model_7_XGB,dataset_E,-0.2881,-0.2168,1.264,0.8133,0.4062,0.4888,633.5469,273,model_7,dataset_E,82.0,
181,1,model_7_FFNN,dataset_E,-0.3168,-0.2796,1.278,0.8594,0.4265,0.5081,675.6378,273,model_7,dataset_E,83.0,
182,0,model_6_XGB,dataset_A,-0.2783,-0.2121,0.9635,0.634,0.283,0.3849,57.9809,267,model_6,dataset_A,84.0,
183,1,model_6_FFNN,dataset_A,-0.3124,-0.2252,0.9763,0.6281,0.2808,0.3898,55.4193,267,model_6,dataset_A,85.0,
184,0,model_5_FFNN,dataset_C,0.2137,0.4411,0.8449,0.4395,0.2034,0.2941,71.6653,142,model_5,dataset_C,86.0,
185,1,model_5_XGB,dataset_C,0.9896,0.9789,0.0973,0.0495,0.0264,0.0442,8.4306,142,model_5,dataset_C,87.0,
186,0,model_1_FFNN,dataset_A,-1.6347,-0.5961,1.3832,0.8205,0.3287,0.4703,109.4667,267,model_1,dataset_A,88.0,
187,1,model_1_XGB,dataset_A,-0.1903,-0.5803,0.9297,0.6508,0.2888,0.3834,83.2752,267,model_1,dataset_A,89.0,
188,0,model_11_XGB,dataset_C,-2.5114,0.0195,1.7855,0.9198,0.3141,0.4608,110.2985,142,model_11,dataset_C,90.0,
189,1,model_11_FFNN,dataset_C,-11.4093,-0.6963,3.3566,1.5067,0.4454,0.6395,217.8438,142,model_11,dataset_C,91.0,
190,0,model_8_XGB,dataset_B,-0.0703,0.4054,3.4339,1.5558,0.4356,0.6575,83.5741,142,model_8,dataset_B,92.0,
191,1,model_8_FFNN,dataset_B,-0.038,0.4251,3.3816,1.5449,0.436,0.6391,85.6615,142,model_8,dataset_B,93.0,
192,0,model_5_FFNN,dataset_B,0.0237,0.451,3.2796,1.4791,0.4067,0.6215,69.1624,142,model_5,dataset_B,94.0,
193,1,model_5_XGB,dataset_B,0.0921,0.3641,3.1626,1.4192,0.3997,0.6073,66.486,142,model_5,dataset_B,95.0,
194,0,model_7_XGB,dataset_D,0.2261,0.4267,2.236,1.0044,0.3923,0.5109,287.1648,165,model_7,dataset_D,96.0,
195,1,model_7_FFNN,dataset_D,0.1089,0.3178,2.3994,1.153,0.4611,0.5669,330.2621,165,model_7,dataset_D,97.0,
196,0,model_11_XGB,dataset_F,0.5829,0.4887,1.0559,0.476,0.2234,0.3349,506.9583,241,model_11,dataset_F,98.0,0.0
197,1,model_11_FFNN,dataset_F,0.4335,0.4359,1.2305,0.5992,0.2673,0.411,864.817,241,model_11,dataset_F,99.0,1.0
198,0,model_3_FFNN,dataset_E,-1.0917,-0.6516,1.6107,1.1558,0.5221,0.6336,998.2755,273,model_3,dataset_E,100.0,2.0
199,1,model_3_XGB,dataset_E,-0.9083,-0.6057,1.5385,1.0885,0.5052,0.6124,1065.9673,273,model_3,dataset_E,101.0,3.0
200,0,model_6_XGB,dataset_B,0.1019,0.5534,3.1456,1.4541,0.3982,0.5533,88.3089,142,model_6,dataset_B,102.0,4.0
201,1,model_6_FFNN,dataset_B,0.0117,0.4523,3.2996,1.5345,0.4352,0.6111,98.6835,142,model_6,dataset_B,103.0,5.0
202,0,model_7_XGB,dataset_F,0.4339,0.2129,1.23,0.6904,0.3429,0.4167,1138.0469,241,model_7,dataset_F,104.0,6.0
203,1,model_7_FFNN,dataset_F,0.2737,0.1093,1.3933,0.8244,0.4038,0.4691,1338.8983,241,model_7,dataset_F,105.0,7.0
204,0,model_5_FFNN,dataset_D,0.1276,0.6396,2.374,0.9218,0.312,0.4864,151.1061,165,model_5,dataset_D,106.0,8.0
205,1,model_5_XGB,dataset_D,0.9246,0.7283,0.698,0.4239,0.2013,0.2506,152.723,165,model_5,dataset_D,107.0,9.0
206,0,model_1_FFNN,dataset_D,0.9261,0.5308,0.6909,0.5066,0.2898,0.3497,238.5893,165,model_1,dataset_D,108.0,10.0
207,1,model_1_XGB,dataset_D,0.9124,0.6906,0.7525,0.4533,0.2249,0.301,172.6858,165,model_1,dataset_D,109.0,11.0
208,0,model_3_FFNN,dataset_D,0.1664,0.3443,2.3207,1.1225,0.4512,0.5509,319.6585,165,model_3,dataset_D,110.0,12.0
209,1,model_3_XGB,dataset_D,0.1136,0.3533,2.393,1.1498,0.4522,0.5582,312.2325,165,model_3,dataset_D,111.0,13.0
210,0,model_4_FFNN,dataset_C,-4.103,-0.2736,2.1525,0.9811,0.3579,0.4778,191.4336,142,model_4,dataset_C,112.0,14.0
211,1,model_4_XGB,dataset_C,-0.6162,-0.0306,1.2114,0.7225,0.3103,0.3922,146.4636,142,model_4,dataset_C,113.0,15.0
212,0,model_2_XGB,dataset_F,0.1001,0.0561,1.5508,0.8652,0.4115,0.5609,1072.0726,241,model_2,dataset_F,114.0,16.0
213,1,model_2_FFNN,dataset_F,0.4259,0.1738,1.2387,0.7736,0.3824,0.4577,1053.571,241,model_2,dataset_F,115.0,17.0
214,0,model_4_FFNN,dataset_F,-0.0475,-0.211,1.6732,1.1622,0.5546,0.6232,2165.4598,241,model_4,dataset_F,116.0,18.0
215,1,model_4_XGB,dataset_F,0.1606,-0.1152,1.4978,1.0025,0.5048,0.5587,1525.955,241,model_4,dataset_F,117.0,19.0
216,0,model_10_FFNN,dataset_E,-0.0557,-0.0528,1.1443,0.6854,0.3517,0.4368,580.6972,273,model_10,dataset_E,118.0,20.0
217,1,model_10_XGB,dataset_E,-0.1443,-0.0913,1.1913,0.7252,0.3675,0.4563,599.1622,273,model_10,dataset_E,119.0,21.0
218,0,model_2_XGB,dataset_A,-4.5853,-2.9915,2.014,1.2421,0.4916,0.6662,174.4108,267,model_2,dataset_A,120.0,22.0
219,1,model_2_FFNN,dataset_A,-4.6417,-1.0935,2.0241,1.1614,0.4174,0.5923,148.1767,267,model_2,dataset_A,121.0,23.0
220,0,model_8_XGB,dataset_D,0.1569,0.3515,2.3339,1.1109,0.4363,0.5471,326.0482,165,model_8,dataset_D,122.0,24.0
221,1,model_8_FFNN,dataset_D,0.0682,0.269,2.4535,1.1993,0.486,0.5902,349.2623,165,model_8,dataset_D,123.0,25.0
222,0,model_10_FFNN,dataset_F,0.2291,0.1783,1.4354,0.7846,0.3781,0.4555,1116.6537,241,model_10,dataset_F,124.0,26.0
223,1,model_10_XGB,dataset_F,0.1831,0.1936,1.4776,0.7884,0.3746,0.473,1016.9658,241,model_10,dataset_F,125.0,27.0
224,0,model_4_FFNN,dataset_A,-0.6269,-1.4717,1.087,0.7563,0.3556,0.4721,73.3089,267,model_4,dataset_A,126.0,28.0
225,1,model_4_XGB,dataset_A,-0.197,-0.1362,0.9324,0.6087,0.2711,0.3757,52.9141,267,model_4,dataset_A,127.0,29.0
226,0,model_10_FFNN,dataset_A,-0.3198,-0.447,0.979,0.6501,0.2988,0.4038,56.0917,267,model_10,dataset_A,128.0,30.0
227,1,model_10_XGB,dataset_A,-0.5013,-0.7239,1.0442,0.6769,0.3115,0.4325,57.2979,267,model_10,dataset_A,129.0,31.0
228,0,model_4_FFNN,dataset_E,-1.5279,-0.3295,1.7707,1.0097,0.4553,0.5712,682.1677,273,model_4,dataset_E,130.0,32.0
229,1,model_4_XGB,dataset_E,-0.3075,-0.2267,1.2735,0.8164,0.4066,0.4877,708.8665,273,model_4,dataset_E,131.0,33.0
230,0,model_3_FFNN,dataset_C,-1.8448,-0.0461,1.6072,0.9143,0.3449,0.4392,151.4626,142,model_3,dataset_C,132.0,34.0
231,1,model_3_XGB,dataset_C,-1.9304,-0.0795,1.6311,0.888,0.3421,0.4385,154.4739,142,model_3,dataset_C,133.0,35.0
232,0,model_9_XGB,dataset_D,-0.366,-0.4422,2.9708,2.0513,0.81,0.909,937.1462,165,model_9,dataset_D,134.0,36.0
233,1,model_9_FFNN,dataset_D,-0.249,-0.3906,2.8406,2.0434,0.7992,0.8947,885.97,165,model_9,dataset_D,135.0,37.0
234,0,model_8_XGB,dataset_F,0.2802,0.1283,1.387,0.8093,0.3924,0.4635,1269.0808,241,model_8,dataset_F,136.0,38.0
235,1,model_8_FFNN,dataset_F,0.1813,0.0785,1.4792,0.8746,0.425,0.4895,1352.308,241,model_8,dataset_F,137.0,39.0
236,0,model_3_FFNN,dataset_B,0.4224,0.5781,2.5227,1.2822,0.3747,0.4798,107.2179,142,model_3,dataset_B,138.0,40.0
237,1,model_3_XGB,dataset_B,0.4406,0.5946,2.4826,1.2608,0.3697,0.4692,103.3683,142,model_3,dataset_B,139.0,41.0
238,0,model_6_XGB,dataset_F,0.0308,-0.0951,1.6094,1.0273,0.5029,0.5728,1570.2195,241,model_6,dataset_F,140.0,42.0
239,1,model_6_FFNN,dataset_F,0.073,-0.1569,1.574,1.0726,0.53,0.5824,1773.3215,241,model_6,dataset_F,141.0,43.0
240,0,model_6_XGB,dataset_C,0.2792,0.1113,0.809,0.5446,0.2679,0.3327,126.9346,142,model_6,dataset_C,142.0,44.0
241,1,model_6_FFNN,dataset_C,0.1439,0.0751,0.8816,0.5432,0.2687,0.3465,127.2656,142,model_6,dataset_C,143.0,45.0
242,0,model_10_FFNN,dataset_C,0.118,0.3219,0.8949,0.4975,0.2261,0.3105,94.5231,142,model_10,dataset_C,144.0,46.0
243,1,model_10_XGB,dataset_C,-2.363,0.156,1.7474,0.8033,0.2793,0.4119,125.2932,142,model_10,dataset_C,145.0,47.0
244,0,model_7_XGB,dataset_A,0.3612,0.3678,0.6811,0.4533,0.1981,0.271,48.646,267,model_7,dataset_A,146.0,48.0
245,1,model_7_FFNN,dataset_A,0.1028,0.0791,0.8072,0.561,0.2507,0.3299,62.6816,267,model_7,dataset_A,147.0,49.0
246,0,model_6_XGB,dataset_E,-0.1065,-0.2005,1.1715,0.7748,0.3974,0.4665,659.4843,273,model_6,dataset_E,148.0,50.0
247,1,model_6_FFNN,dataset_E,-0.1364,-0.2025,1.1872,0.7882,0.4018,0.4733,648.5252,273,model_6,dataset_E,149.0,51.0
248,0,model_11_XGB,dataset_B,0.2953,0.3663,2.7863,1.3668,0.3893,0.5762,92.0742,142,model_11,dataset_B,150.0,52.0
249,1,model_11_FFNN,dataset_B,-0.2071,0.1843,3.6468,1.7683,0.4858,0.6961,131.9263,142,model_11,dataset_B,151.0,53.0
250,0,model_5_FFNN,dataset_E,-0.1543,-0.1512,1.1966,0.7534,0.3821,0.4664,612.7901,273,model_5,dataset_E,152.0,54.0
251,1,model_5_XGB,dataset_E,-0.2594,-0.2398,1.2499,0.8138,0.4091,0.5028,498.294,273,model_5,dataset_E,153.0,55.0
252,0,model_2_XGB,dataset_D,0.2599,0.4081,2.1867,1.0584,0.4006,0.5254,264.9367,165,model_2,dataset_D,154.0,56.0
253,1,model_2_FFNN,dataset_D,0.0658,0.2369,2.4567,1.1724,0.4768,0.6257,309.5009,165,model_2,dataset_D,155.0,57.0
254,0,model_4_FFNN,dataset_B,0.4491,0.5551,2.4637,1.2707,0.389,0.4983,111.6409,142,model_4,dataset_B,156.0,58.0
255,1,model_4_XGB,dataset_B,0.2009,0.4987,2.9671,1.4346,0.4181,0.5623,104.4932,142,model_4,dataset_B,157.0,59.0
256,0,model_9_XGB,dataset_C,-0.3048,-0.4272,1.0884,0.8098,0.3827,0.4616,201.3828,142,model_9,dataset_C,158.0,60.0
257,1,model_9_FFNN,dataset_C,-0.5512,-0.935,1.1868,0.8121,0.3764,0.4703,166.1911,142,model_9,dataset_C,159.0,61.0
258,0,model_3_FFNN,dataset_A,-0.2984,-1.0817,0.971,0.6733,0.311,0.4217,67.6107,267,model_3,dataset_A,160.0,62.0
259,1,model_3_XGB,dataset_A,-0.2954,-0.3148,0.9699,0.7051,0.3044,0.3931,112.6082,267,model_3,dataset_A,161.0,63.0
260,0,model_9_XGB,dataset_A,-0.1664,0.066,0.9204,0.604,0.2558,0.3481,64.5899,267,model_9,dataset_A,162.0,64.0
261,1,model_9_FFNN,dataset_A,-1.8146,-2.3801,1.4297,0.9637,0.4324,0.5752,97.7367,267,model_9,dataset_A,163.0,65.0
262,0,model_9_XGB,dataset_F,-0.8649,-0.617,2.2325,1.7116,0.7559,0.843,2880.839,241,model_9,dataset_F,164.0,66.0
263,1,model_9_FFNN,dataset_F,-0.5409,-0.5343,2.0293,1.5608,0.6996,0.7997,2928.2879,241,model_9,dataset_F,165.0,67.0
264,0,model_5_FFNN,dataset_F,0.3112,0.3867,1.3568,0.6574,0.2965,0.3903,798.1773,241,model_5,dataset_F,166.0,68.0
265,1,model_5_XGB,dataset_F,0.9048,0.6325,0.5045,0.3007,0.1554,0.2132,392.9462,241,model_5,dataset_F,167.0,69.0
266,0,model_1_FFNN,dataset_E,-1.7432,-0.766,1.8446,1.2683,0.5605,0.6991,738.5816,273,model_1,dataset_E,168.0,70.0
267,1,model_1_XGB,dataset_E,-1.8127,-0.6,1.8678,1.1851,0.5123,0.6719,692.8435,273,model_1,dataset_E,169.0,71.0
268,0,model_2_XGB,dataset_B,0.8149,0.6474,1.428,0.8467,0.2914,0.4103,71.9977,142,model_2,dataset_B,170.0,72.0
269,1,model_2_FFNN,dataset_B,0.7825,0.6317,1.5478,0.8722,0.2912,0.3947,81.0052,142,model_2,dataset_B,171.0,73.0
270,0,model_10_FFNN,dataset_B,0.1281,0.562,3.0993,1.4135,0.383,0.5561,74.6629,142,model_10,dataset_B,172.0,74.0
271,1,model_10_XGB,dataset_B,0.6497,0.7783,1.9645,0.9019,0.2493,0.3491,59.7358,142,model_10,dataset_B,173.0,75.0
272,0,model_11_XGB,dataset_D,0.3784,0.6571,2.004,0.7053,0.2493,0.418,152.9528,165,model_11,dataset_D,174.0,76.0
273,1,model_11_FFNN,dataset_D,0.4129,0.6504,1.9475,0.709,0.265,0.4064,148.467,165,model_11,dataset_D,175.0,77.0
274,0,model_11_XGB,dataset_A,0.3851,0.1843,0.6683,0.4659,0.2079,0.2784,56.4379,267,model_11,dataset_A,176.0,78.0
275,1,model_11_FFNN,dataset_A,0.1241,-0.1104,0.7975,0.5634,0.2536,0.3322,73.665,267,model_11,dataset_A,177.0,79.0
276,0,model_1_FFNN,dataset_B,-0.0356,-0.1101,3.3777,1.7389,0.5237,0.7424,111.5445,142,model_1,dataset_B,178.0,80.0
277,1,model_1_XGB,dataset_B,0.0682,-0.1478,3.2041,1.5493,0.4567,0.6725,97.9375,142,model_1,dataset_B,179.0,81.0
278,0,model_7_XGB,dataset_E,-0.2881,-0.2168,1.264,0.8133,0.4062,0.4888,633.5469,273,model_7,dataset_E,180.0,82.0
279,1,model_7_FFNN,dataset_E,-0.3168,-0.2796,1.278,0.8594,0.4265,0.5081,675.6378,273,model_7,dataset_E,181.0,83.0
280,0,model_6_XGB,dataset_A,-0.2783,-0.2121,0.9635,0.634,0.283,0.3849,57.9809,267,model_6,dataset_A,182.0,84.0
281,1,model_6_FFNN,dataset_A,-0.3124,-0.2252,0.9763,0.6281,0.2808,0.3898,55.4193,267,model_6,dataset_A,183.0,85.0
282,0,model_5_FFNN,dataset_C,0.2137,0.4411,0.8449,0.4395,0.2034,0.2941,71.6653,142,model_5,dataset_C,184.0,86.0
283,1,model_5_XGB,dataset_C,0.9896,0.9789,0.0973,0.0495,0.0264,0.0442,8.4306,142,model_5,dataset_C,185.0,87.0
284,0,model_1_FFNN,dataset_A,-1.6347,-0.5961,1.3832,0.8205,0.3287,0.4703,109.4667,267,model_1,dataset_A,186.0,88.0
285,1,model_1_XGB,dataset_A,-0.1903,-0.5803,0.9297,0.6508,0.2888,0.3834,83.2752,267,model_1,dataset_A,187.0,89.0
286,0,model_11_XGB,dataset_C,-2.5114,0.0195,1.7855,0.9198,0.3141,0.4608,110.2985,142,model_11,dataset_C,188.0,90.0
287,1,model_11_FFNN,dataset_C,-11.4093,-0.6963,3.3566,1.5067,0.4454,0.6395,217.8438,142,model_11,dataset_C,189.0,91.0
288,0,model_8_XGB,dataset_B,-0.0703,0.4054,3.4339,1.5558,0.4356,0.6575,83.5741,142,model_8,dataset_B,190.0,92.0
289,1,model_8_FFNN,dataset_B,-0.038,0.4251,3.3816,1.5449,0.436,0.6391,85.6615,142,model_8,dataset_B,191.0,93.0
290,0,model_5_FFNN,dataset_B,0.0237,0.451,3.2796,1.4791,0.4067,0.6215,69.1624,142,model_5,dataset_B,192.0,94.0
291,1,model_5_XGB,dataset_B,0.0921,0.3641,3.1626,1.4192,0.3997,0.6073,66.486,142,model_5,dataset_B,193.0,95.0
292,0,model_7_XGB,dataset_D,0.2261,0.4267,2.236,1.0044,0.3923,0.5109,287.1648,165,model_7,dataset_D,194.0,96.0
293,1,model_7_FFNN,dataset_D,0.1089,0.3178,2.3994,1.153,0.4611,0.5669,330.2621,165,model_7,dataset_D,195.0,97.0
294,0,model_2_XGB,dataset_C,-8.3517,-0.4066,2.9139,1.4325,0.4223,0.5984,177.3713,142,model_2,dataset_C,196.0,98.0
295,1,model_2_FFNN,dataset_C,-7.2815,-0.1947,2.7421,1.3103,0.3657,0.5489,166.1729,142,model_2,dataset_C,197.0,99.0
296,0,model_7_XGB,dataset_B,0.0059,0.4335,3.3094,1.4555,0.405,0.6276,77.7192,142,model_7,dataset_B,198.0,100.0
297,1,model_7_FFNN,dataset_B,0.0468,0.4883,3.2405,1.4727,0.4081,0.6001,82.974,142,model_7,dataset_B,199.0,101.0
298,0,model_1_FFNN,dataset_F,0.5963,0.2138,1.0388,0.6492,0.3386,0.4306,1023.0173,241,model_1,dataset_F,200.0,102.0
299,1,model_1_XGB,dataset_F,0.8306,0.5366,0.6729,0.3863,0.1986,0.2782,593.5468,241,model_1,dataset_F,201.0,103.0
300,0,model_9_XGB,dataset_E,-0.471,-0.3815,1.3508,0.9254,0.4535,0.5304,859.2806,273,model_9,dataset_E,202.0,104.0
301,1,model_9_FFNN,dataset_E,-0.8297,-0.3901,1.5065,0.9772,0.4667,0.5854,556.2957,273,model_9,dataset_E,203.0,105.0
302,0,model_8_XGB,dataset_C,0.1603,0.1797,0.8732,0.5297,0.2546,0.3348,114.4385,142,model_8,dataset_C,204.0,106.0
303,1,model_8_FFNN,dataset_C,0.1357,0.2053,0.8859,0.5109,0.2487,0.331,103.4944,142,model_8,dataset_C,205.0,107.0
304,0,model_5_FFNN,dataset_A,0.0631,-0.021,0.8248,0.5809,0.2614,0.339,63.0661,267,model_5,dataset_A,206.0,108.0
305,1,model_5_XGB,dataset_A,-0.3829,0.1232,1.0022,0.536,0.2087,0.3431,70.2374,267,model_5,dataset_A,207.0,109.0
306,0,model_3_FFNN,dataset_F,0.2708,0.077,1.396,0.8715,0.4216,0.4919,1432.0704,241,model_3,dataset_F,208.0,110.0
307,1,model_3_XGB,dataset_F,0.3183,0.0823,1.3498,0.8438,0.417,0.4744,1273.5057,241,model_3,dataset_F,209.0,111.0
308,0,model_1_FFNN,dataset_C,-1.326,-0.5073,1.4533,0.8575,0.3535,0.4789,115.7413,142,model_1,dataset_C,210.0,112.0
309,1,model_1_XGB,dataset_C,-0.184,-0.1311,1.0368,0.5609,0.2216,0.3125,68.4785,142,model_1,dataset_C,211.0,113.0
310,0,model_8_XGB,dataset_A,0.1051,0.1279,0.8062,0.546,0.2401,0.3264,57.1112,267,model_8,dataset_A,212.0,114.0
311,1,model_8_FFNN,dataset_A,-0.0884,0.0576,0.889,0.5898,0.2583,0.3446,57.6877,267,model_8,dataset_A,213.0,115.0
312,0,model_11_XGB,dataset_E,-0.8726,-0.4217,1.524,1.021,0.4714,0.5804,659.8466,273,model_11,dataset_E,214.0,116.0
313,1,model_11_FFNN,dataset_E,-1.3464,-0.6833,1.706,1.1477,0.5273,0.6598,838.6539,273,model_11,dataset_E,215.0,117.0
314,0,model_2_XGB,dataset_E,-1.7754,-0.4549,1.8554,1.1724,0.5057,0.6539,613.8449,273,model_2,dataset_E,216.0,118.0
315,1,model_2_FFNN,dataset_E,-1.4585,-0.6643,1.7463,1.1095,0.5065,0.6456,657.9802,273,model_2,dataset_E,217.0,119.0
316,0,model_7_XGB,dataset_C,0.2925,0.4108,0.8015,0.4364,0.2055,0.2802,82.5942,142,model_7,dataset_C,218.0,120.0
317,1,model_7_FFNN,dataset_C,0.1275,0.2622,0.8901,0.5216,0.2441,0.3231,98.568,142,model_7,dataset_C,219.0,121.0
318,0,model_9_XGB,dataset_B,-0.076,0.2171,3.443,1.7809,0.5433,0.7002,153.6501,142,model_9,dataset_B,220.0,122.0
319,1,model_9_FFNN,dataset_B,-0.0463,-0.0279,3.3951,1.6925,0.5077,0.7034,118.3508,142,model_9,dataset_B,221.0,123.0
320,0,model_4_FFNN,dataset_D,0.0399,0.0378,2.4906,1.4547,0.5896,0.6979,549.1922,165,model_4,dataset_D,222.0,124.0
321,1,model_4_XGB,dataset_D,0.0727,0.1356,2.4476,1.3124,0.5486,0.6315,436.2567,165,model_4,dataset_D,223.0,125.0
322,0,model_10_FFNN,dataset_D,0.0772,0.4392,2.4417,1.0772,0.4131,0.5455,247.0046,165,model_10,dataset_D,224.0,126.0
323,1,model_10_XGB,dataset_D,0.1982,0.4371,2.276,1.0656,0.4104,0.5172,264.9539,165,model_10,dataset_D,225.0,127.0
324,0,model_8_XGB,dataset_E,-0.1431,-0.2036,1.1907,0.7798,0.3972,0.471,674.0601,273,model_8,dataset_E,226.0,128.0
325,1,model_8_FFNN,dataset_E,-0.0894,-0.1543,1.1624,0.7428,0.3824,0.455,634.8206,273,model_8,dataset_E,227.0,129.0
326,0,model_6_XGB,dataset_D,0.0119,0.1195,2.5266,1.3386,0.5537,0.6546,448.8448,165,model_6,dataset_D,228.0,130.0
327,1,model_6_FFNN,dataset_D,0.0322,0.0626,2.5005,1.3858,0.5821,0.6648,480.9072,165,model_6,dataset_D,229.0,131.0
328,0,model_2_XGB,dataset_C,-8.3517,-0.4066,2.9139,1.4325,0.4223,0.5984,177.3713,142,model_2,dataset_C,230.0,
329,1,model_2_FFNN,dataset_C,-7.2815,-0.1947,2.7421,1.3103,0.3657,0.5489,166.1729,142,model_2,dataset_C,231.0,
330,0,model_7_XGB,dataset_B,0.0059,0.4335,3.3094,1.4555,0.405,0.6276,77.7192,142,model_7,dataset_B,232.0,
331,1,model_7_FFNN,dataset_B,0.0468,0.4883,3.2405,1.4727,0.4081,0.6001,82.974,142,model_7,dataset_B,233.0,
332,0,model_1_FFNN,dataset_F,0.5963,0.2138,1.0388,0.6492,0.3386,0.4306,1023.0173,241,model_1,dataset_F,234.0,
333,1,model_1_XGB,dataset_F,0.8306,0.5366,0.6729,0.3863,0.1986,0.2782,593.5468,241,model_1,dataset_F,235.0,
334,0,model_9_XGB,dataset_E,-0.471,-0.3815,1.3508,0.9254,0.4535,0.5304,859.2806,273,model_9,dataset_E,236.0,
335,1,model_9_FFNN,dataset_E,-0.8297,-0.3901,1.5065,0.9772,0.4667,0.5854,556.2957,273,model_9,dataset_E,237.0,
336,0,model_8_XGB,dataset_C,0.1603,0.1797,0.8732,0.5297,0.2546,0.3348,114.4385,142,model_8,dataset_C,238.0,
337,1,model_8_FFNN,dataset_C,0.1357,0.2053,0.8859,0.5109,0.2487,0.331,103.4944,142,model_8,dataset_C,239.0,
338,0,model_5_FFNN,dataset_A,0.0631,-0.021,0.8248,0.5809,0.2614,0.339,63.0661,267,model_5,dataset_A,240.0,
339,1,model_5_XGB,dataset_A,-0.3829,0.1232,1.0022,0.536,0.2087,0.3431,70.2374,267,model_5,dataset_A,241.0,
340,0,model_3_FFNN,dataset_F,0.2708,0.077,1.396,0.8715,0.4216,0.4919,1432.0704,241,model_3,dataset_F,242.0,
341,1,model_3_XGB,dataset_F,0.3183,0.0823,1.3498,0.8438,0.417,0.4744,1273.5057,241,model_3,dataset_F,243.0,
342,0,model_1_FFNN,dataset_C,-1.326,-0.5073,1.4533,0.8575,0.3535,0.4789,115.7413,142,model_1,dataset_C,244.0,
343,1,model_1_XGB,dataset_C,-0.184,-0.1311,1.0368,0.5609,0.2216,0.3125,68.4785,142,model_1,dataset_C,245.0,
344,0,model_8_XGB,dataset_A,0.1051,0.1279,0.8062,0.546,0.2401,0.3264,57.1112,267,model_8,dataset_A,246.0,
345,1,model_8_FFNN,dataset_A,-0.0884,0.0576,0.889,0.5898,0.2583,0.3446,57.6877,267,model_8,dataset_A,247.0,
346,0,model_11_XGB,dataset_E,-0.8726,-0.4217,1.524,1.021,0.4714,0.5804,659.8466,273,model_11,dataset_E,248.0,
347,1,model_11_FFNN,dataset_E,-1.3464,-0.6833,1.706,1.1477,0.5273,0.6598,838.6539,273,model_11,dataset_E,249.0,
348,0,model_2_XGB,dataset_E,-1.7754,-0.4549,1.8554,1.1724,0.5057,0.6539,613.8449,273,model_2,dataset_E,250.0,
349,1,model_2_FFNN,dataset_E,-1.4585,-0.6643,1.7463,1.1095,0.5065,0.6456,657.9802,273,model_2,dataset_E,251.0,
350,0,model_7_XGB,dataset_C,0.2925,0.4108,0.8015,0.4364,0.2055,0.2802,82.5942,142,model_7,dataset_C,252.0,
351,1,model_7_FFNN,dataset_C,0.1275,0.2622,0.8901,0.5216,0.2441,0.3231,98.568,142,model_7,dataset_C,253.0,
352,0,model_9_XGB,dataset_B,-0.076,0.2171,3.443,1.7809,0.5433,0.7002,153.6501,142,model_9,dataset_B,254.0,
353,1,model_9_FFNN,dataset_B,-0.0463,-0.0279,3.3951,1.6925,0.5077,0.7034,118.3508,142,model_9,dataset_B,255.0,
354,0,model_4_FFNN,dataset_D,0.0399,0.0378,2.4906,1.4547,0.5896,0.6979,549.1922,165,model_4,dataset_D,256.0,
355,1,model_4_XGB,dataset_D,0.0727,0.1356,2.4476,1.3124,0.5486,0.6315,436.2567,165,model_4,dataset_D,257.0,
356,0,model_10_FFNN,dataset_D,0.0772,0.4392,2.4417,1.0772,0.4131,0.5455,247.0046,165,model_10,dataset_D,258.0,
357,1,model_10_XGB,dataset_D,0.1982,0.4371,2.276,1.0656,0.4104,0.5172,264.9539,165,model_10,dataset_D,259.0,
358,0,model_8_XGB,dataset_E,-0.1431,-0.2036,1.1907,0.7798,0.3972,0.471,674.0601,273,model_8,dataset_E,260.0,
359,1,model_8_FFNN,dataset_E,-0.0894,-0.1543,1.1624,0.7428,0.3824,0.455,634.8206,273,model_8,dataset_E,261.0,
360,0,model_6_XGB,dataset_D,0.0119,0.1195,2.5266,1.3386,0.5537,0.6546,448.8448,165,model_6,dataset_D,262.0,
361,1,model_6_FFNN,dataset_D,0.0322,0.0626,2.5005,1.3858,0.5821,0.6648,480.9072,165,model_6,dataset_D,263.0,
362,0,model_2_XGB,dataset_C,-8.3517,-0.4066,2.9139,1.4325,0.4223,0.5984,177.3713,142,model_2,dataset_C,,
363,1,model_2_FFNN,dataset_C,-7.2815,-0.1947,2.7421,1.3103,0.3657,0.5489,166.1729,142,model_2,dataset_C,,
364,0,model_7_XGB,dataset_B,0.0059,0.4335,3.3094,1.4555,0.405,0.6276,77.7192,142,model_7,dataset_B,,
365,1,model_7_FFNN,dataset_B,0.0468,0.4883,3.2405,1.4727,0.4081,0.6001,82.974,142,model_7,dataset_B,,
366,0,model_1_FFNN,dataset_F,0.5963,0.2138,1.0388,0.6492,0.3386,0.4306,1023.0173,241,model_1,dataset_F,,
367,1,model_1_XGB,dataset_F,0.8306,0.5366,0.6729,0.3863,0.1986,0.2782,593.5468,241,model_1,dataset_F,,
368,0,model_9_XGB,dataset_E,-0.471,-0.3815,1.3508,0.9254,0.4535,0.5304,859.2806,273,model_9,dataset_E,,
369,1,model_9_FFNN,dataset_E,-0.8297,-0.3901,1.5065,0.9772,0.4667,0.5854,556.2957,273,model_9,dataset_E,,
370,0,model_8_XGB,dataset_C,0.1603,0.1797,0.8732,0.5297,0.2546,0.3348,114.4385,142,model_8,dataset_C,,
371,1,model_8_FFNN,dataset_C,0.1357,0.2053,0.8859,0.5109,0.2487,0.331,103.4944,142,model_8,dataset_C,,
372,0,model_5_FFNN,dataset_A,0.0631,-0.021,0.8248,0.5809,0.2614,0.339,63.0661,267,model_5,dataset_A,,
373,1,model_5_XGB,dataset_A,-0.3829,0.1232,1.0022,0.536,0.2087,0.3431,70.2374,267,model_5,dataset_A,,
374,0,model_3_FFNN,dataset_F,0.2708,0.077,1.396,0.8715,0.4216,0.4919,1432.0704,241,model_3,dataset_F,,
375,1,model_3_XGB,dataset_F,0.3183,0.0823,1.3498,0.8438,0.417,0.4744,1273.5057,241,model_3,dataset_F,,
376,0,model_1_FFNN,dataset_C,-1.326,-0.5073,1.4533,0.8575,0.3535,0.4789,115.7413,142,model_1,dataset_C,,
377,1,model_1_XGB,dataset_C,-0.184,-0.1311,1.0368,0.5609,0.2216,0.3125,68.4785,142,model_1,dataset_C,,
378,0,model_8_XGB,dataset_A,0.1051,0.1279,0.8062,0.546,0.2401,0.3264,57.1112,267,model_8,dataset_A,,
379,1,model_8_FFNN,dataset_A,-0.0884,0.0576,0.889,0.5898,0.2583,0.3446,57.6877,267,model_8,dataset_A,,
380,0,model_11_XGB,dataset_E,-0.8726,-0.4217,1.524,1.021,0.4714,0.5804,659.8466,273,model_11,dataset_E,,
381,1,model_11_FFNN,dataset_E,-1.3464,-0.6833,1.706,1.1477,0.5273,0.6598,838.6539,273,model_11,dataset_E,,
382,0,model_2_XGB,dataset_E,-1.7754,-0.4549,1.8554,1.1724,0.5057,0.6539,613.8449,273,model_2,dataset_E,,
383,1,model_2_FFNN,dataset_E,-1.4585,-0.6643,1.7463,1.1095,0.5065,0.6456,657.9802,273,model_2,dataset_E,,
384,0,model_7_XGB,dataset_C,0.2925,0.4108,0.8015,0.4364,0.2055,0.2802,82.5942,142,model_7,dataset_C,,
385,1,model_7_FFNN,dataset_C,0.1275,0.2622,0.8901,0.5216,0.2441,0.3231,98.568,142,model_7,dataset_C,,
386,0,model_9_XGB,dataset_B,-0.076,0.2171,3.443,1.7809,0.5433,0.7002,153.6501,142,model_9,dataset_B,,
387,1,model_9_FFNN,dataset_B,-0.0463,-0.0279,3.3951,1.6925,0.5077,0.7034,118.3508,142,model_9,dataset_B,,
388,0,model_4_FFNN,dataset_D,0.0399,0.0378,2.4906,1.4547,0.5896,0.6979,549.1922,165,model_4,dataset_D,,
389,1,model_4_XGB,dataset_D,0.0727,0.1356,2.4476,1.3124,0.5486,0.6315,436.2567,165,model_4,dataset_D,,
390,0,model_10_FFNN,dataset_D,0.0772,0.4392,2.4417,1.0772,0.4131,0.5455,247.0046,165,model_10,dataset_D,,
391,1,model_10_XGB,dataset_D,0.1982,0.4371,2.276,1.0656,0.4104,0.5172,264.9539,165,model_10,dataset_D,,
392,0,model_8_XGB,dataset_E,-0.1431,-0.2036,1.1907,0.7798,0.3972,0.471,674.0601,273,model_8,dataset_E,,
393,1,model_8_FFNN,dataset_E,-0.0894,-0.1543,1.1624,0.7428,0.3824,0.455,634.8206,273,model_8,dataset_E,,
394,0,model_6_XGB,dataset_D,0.0119,0.1195,2.5266,1.3386,0.5537,0.6546,448.8448,165,model_6,dataset_D,,
395,1,model_6_FFNN,dataset_D,0.0322,0.0626,2.5005,1.3858,0.5821,0.6648,480.9072,165,model_6,dataset_D,,
